{
  "tcp": {
    "protocol": "TCP",
    "connection_time": 0,
    "command_times": [],
    "file_transfers": [],
    "data_sent": 0,
    "data_received": 0
  },
  "udp": {
    "protocol": "UDP",
    "connection_time": 0.10191893577575684,
    "command_times": [
      1.0237646102905273,
      1.1011900901794434,
      1.101062297821045,
      1.1064131259918213,
      1.093506097793579,
      1.1092357635498047,
      1.101081371307373,
      1.1008639335632324,
      1.102043628692627,
      1.1016738414764404
    ],
    "file_transfers": [
      {
        "size": 1024,
        "time": 1.0961072444915771,
        "speed": 934.2151556301193
      },
      {
        "size": 10240,
        "time": 1.106191635131836,
        "speed": 9256.98556632061
      },
      {
        "size": 102400,
        "time": 1.1016921997070312,
        "speed": 92947.92141328662
      }
    ],
    "data_sent": 6118,
    "data_received": 6357
  },
  "timestamp": 1744101642.4728622
}